# TEACHING EXAMPLE ONLY - simulated control results, not patient data
date,value,lot,level
2026-09-01,95.0,A2609,L1
2026-09-02,99.4,A2609,L1
2026-09-03,98.3,A2609,L1
2026-09-04,102.6,A2609,L1
2026-09-05,100.6,A2609,L1
2026-09-06,99.7,A2609,L1
2026-09-07,98.0,A2609,L1
2026-09-08,96.8,A2609,L1
2026-09-09,101.9,A2609,L1
2026-09-10,98.1,A2609,L1
2026-09-11,101.4,A2609,L1
2026-09-12,101.2,A2609,L1
2026-09-13,103.5,A2609,L1
2026-09-14,100.3,A2609,L1
2026-09-15,99.3,A2609,L1
2026-09-16,101.3,A2609,L1
2026-09-17,100.3,A2609,L1
2026-09-18,100.5,A2609,L1
2026-09-19,100.6,A2609,L1
2026-09-20,100.7,A2609,L1
2026-10-01,101.1,B2610,L1
2026-10-01,101.7,B2610,L1
2026-10-01,101.3,B2610,L1
2026-10-01,100.7,B2610,L1
2026-10-01,101.1,B2610,L1
2026-10-01,101.6,B2610,L1
2026-10-01,101.2,B2610,L1
2026-10-01,102.5,B2610,L1
2026-10-01,100.2,B2610,L1
2026-10-01,101.3,B2610,L1
2026-10-01,100.1,B2610,L1
2026-10-01,102.4,B2610,L1
2026-10-01,100.2,B2610,L1
2026-10-01,101.3,B2610,L1
2026-10-01,99.9,B2610,L1
2026-10-01,100.5,B2610,L1
2026-10-01,100.1,B2610,L1
2026-10-01,99.5,B2610,L1
2026-10-01,100.3,B2610,L1
2026-10-01,100.6,B2610,L1
