# TEACHING EXAMPLE ONLY - simulated timestamps, not patient data
id,priority,received,reported
T00,STAT,2026-10-01 08:00,2026-10-01 08:15
T01,routine,2026-10-01 08:13,2026-10-01 08:51
T02,routine,2026-10-01 08:26,2026-10-01 08:49
T03,routine,2026-10-01 08:39,2026-10-01 09:04
T04,STAT,2026-10-01 08:52,2026-10-01 09:11
T05,routine,2026-10-01 09:05,2026-10-01 10:15
T06,routine,2026-10-01 09:18,2026-10-01 09:57
T07,routine,2026-10-01 09:31,2026-10-01 10:13
T08,STAT,2026-10-01 09:44,2026-10-01 10:05
T09,routine,2026-10-01 09:57,2026-10-01 10:34
T10,routine,2026-10-01 10:10,2026-10-01 11:21
T11,routine,2026-10-01 10:23,2026-10-01 10:53
T12,STAT,2026-10-01 10:36,2026-10-01 11:18
T13,routine,2026-10-01 10:49,2026-10-01 11:43
T14,routine,2026-10-01 11:02,2026-10-01 11:31
T15,routine,2026-10-01 11:15,2026-10-01 11:30
T16,STAT,2026-10-01 11:28,2026-10-01 11:37
T17,routine,2026-10-01 11:41,2026-10-01 12:58
T18,routine,2026-10-01 11:54,2026-10-01 12:23
T19,routine,2026-10-01 12:07,2026-10-01 12:42
T20,STAT,2026-10-01 12:20,2026-10-01 12:47
T21,routine,2026-10-01 12:33,2026-10-01 14:16
T22,routine,2026-10-01 12:46,2026-10-01 14:35
T23,routine,2026-10-01 12:59,2026-10-01 15:45
T24,STAT,2026-10-01 13:12,2026-10-01 13:34
T25,routine,2026-10-01 13:25,2026-10-01 15:47
T26,routine,2026-10-01 13:38,2026-10-01 14:18
T27,routine,2026-10-01 13:51,2026-10-01 14:53
T28,STAT,2026-10-01 14:04,2026-10-01 14:22
T29,routine,2026-10-01 14:17,2026-10-01 14:45
T30,routine,2026-10-01 14:30,2026-10-01 15:19
T31,routine,2026-10-01 14:43,2026-10-01 15:18
T32,STAT,2026-10-01 14:56,2026-10-01 15:22
T33,routine,2026-10-01 15:09,2026-10-01 15:46
T34,routine,2026-10-01 15:22,2026-10-01 15:54
T35,routine,2026-10-01 15:35,2026-10-01 17:01
T36,STAT,2026-10-01 15:48,2026-10-01 16:00
T37,routine,2026-10-01 16:01,2026-10-01 17:00
T38,routine,2026-10-01 16:14,2026-10-01 16:49
T39,routine,2026-10-01 16:27,2026-10-01 17:04
T99,routine,2026-10-01 12:00,
