sample_id,age,marker_a,post_treatment_flag,outcome
S001,34,1.2,no,0
S002,51,0.8,no,0
S003,47,1.5,no,0
S004,29,0.9,no,0
S005,62,1.1,no,0
S006,58,1.4,no,0
S007,41,0.7,no,0
S008,38,1.0,no,0
S009,55,1.3,no,0
S010,44,0.6,no,0
S011,49,1.2,no,0
S012,36,0.9,no,0
S013,60,1.5,no,0
S014,53,0.8,no,0
S015,31,1.1,no,0
S016,45,1.0,no,0
S017,57,1.4,no,0
S018,42,0.7,no,0
S019,39,1.3,no,0
S020,48,0.9,no,0
S021,52,1.2,no,0
S022,33,1.1,no,0
S023,59,0.8,no,0
S024,46,1.5,no,0
S025,40,1.0,no,0
S026,54,0.6,no,0
S027,37,1.3,no,0
S028,50,0.9,yes,1
S029,43,1.1,yes,1
S030,61,1.4,yes,1
