cell,D,C,E,c,e,M,N,S,s,P1,Lea,Leb,K,k,Fya,Fyb,Jka,Jkb,result
1,+,+,0,0,+,+,0,+,0,+,0,+,0,+,+,0,+,0,2+
2,+,0,+,+,0,0,+,0,+,+,+,0,0,+,0,+,0,+,3+
3,0,+,0,+,+,+,+,+,+,0,0,+,+,+,+,+,0,+,0
4,0,0,+,+,+,+,0,0,+,+,0,+,0,+,+,0,+,+,2+
5,0,0,0,+,+,0,+,+,+,+,0,0,0,+,0,+,0,+,0
6,0,0,0,+,+,+,+,0,+,0,+,0,+,+,+,0,+,+,0
7,+,+,0,+,+,0,+,+,0,+,0,+,0,+,0,+,0,+,0
8,+,0,0,+,+,+,0,+,0,+,0,+,0,+,+,0,+,0,2+
9,+,+,0,0,+,+,+,0,+,0,+,0,0,+,0,+,+,0,2+
10,+,+,0,0,+,+,0,0,+,+,+,0,0,+,+,+,0,+,0
11,+,0,+,+,+,+,+,+,+,+,0,+,0,+,0,+,0,+,1+
